id,lat,lon,rcrc_code
abudhabi,24.706116,46.716342,S75
aishah,24.600529,46.643749,S44
albilad,24.696508,46.683926,S11
alinma,24.703166,46.680325,S10
andalus,24.756747,46.790510,S81
aziziah,24.586137,46.761196,S24
baida,24.559589,46.776547,S25
batha,24.637931,46.715234,S17
courts,24.626966,46.712421,S48
dhabab,24.709159,46.708357,S76
dhahrat,24.607375,46.654974,S45
douh,24.582932,46.588070,S42
gosi,24.686692,46.718199,S73
granadia,24.786483,46.729333,S79
habib,24.811554,46.626544,S02
hamra,24.776421,46.776758,S36
harun,24.686085,46.796017,S57
hassan,24.713153,46.848109,S59
hilla,24.631750,46.720921,S49
hokm,24.628582,46.716119,S18
iman,24.601008,46.735244,S22
industrial,24.645182,46.739493,S52
ishbiliyah,24.792160,46.811069,S38
jarir,24.672970,46.760521,S55
jarradiyah,24.618457,46.698218,S47
jeddahrd,24.591214,46.543394,S40
kaaroad,24.736239,46.685219,S31
kacst,24.720171,46.646932,S28
kafd,24.768004,46.643644,S03
kah,24.659046,46.717274,S70
kbw,24.767058,46.758974,S35
kfd,24.744914,46.659327,S05
kfd2,24.736652,46.663387,S06
kfl,24.689690,46.687365,S12
khaleej,24.781450,46.794471,S37
khashm,24.721566,46.860326,S60
khurais,24.738084,46.800096,S82
ksp,24.728338,46.701061,S78
ksu,24.709678,46.628711,S26
malaz,24.661094,46.745054,S54
manfouhah,24.610457,46.727517,S21
margab,24.634028,46.725444,S50
mod,24.667125,46.718257,S71
moe,24.739977,46.693467,S32
mof,24.651279,46.715731,S69
moi,24.674243,46.695048,S13
murabba,24.664851,46.702446,S14
murooj,24.754746,46.654221,S04
museum,24.646063,46.714165,S16
naseem,24.700268,46.827814,S58
nuzhah,24.747822,46.713114,S33
oasis,24.716629,46.638777,S27
officers,24.697523,46.718029,S74
owd,24.625319,46.721018,S19
passport,24.659560,46.704395,S15
pnu1,24.840397,46.716682,S64
pnu2,24.859834,46.704317,S65
rabi,24.786292,46.660579,S61
railway,24.649233,46.741243,S53
rajhi,24.679712,46.778497,S56
rec,24.753785,46.727212,S34
sab,24.829440,46.618440,S01
sabic,24.807235,46.709751,S63
salam,24.722197,46.811446,S83
salhiyah,24.637229,46.731929,S51
skirinah,24.617552,46.725407,S20
sportcity,24.792436,46.836994,S39
stc,24.726797,46.666880,S07
sulimaniyah,24.713043,46.699544,S77
sultanah,24.614812,46.686104,S46
t12,24.962815,46.700028,S68
t34,24.956299,46.703221,S67
t5,24.942955,46.708264,S66
takhassussi,24.723407,46.654649,S29
transport,24.597987,46.745141,S23
tuwaiq,24.585326,46.561904,S41
urubah,24.713216,46.675366,S09
uthman,24.800503,46.696349,S62
western,24.582485,46.614385,S43
wizarat,24.677217,46.718358,S72
wurud,24.733040,46.677493,S30
wurud2,24.721727,46.671129,S08
yarmuk,24.791027,46.766422,S80
